Name,Formula,CAS No,Amount,Location,Notes
(S)-1-(2-Chloroacetyl)pyrrolidine-2-carbonitrile,C7H9ClN2O,207557-35-5,10 g,Nanolab (In Lab Refrigerator),Store code: O5-47
"1,1,1,3,3,3-Hexafluoro-2-propanol",C3H2F6O,920-66-1,,Chemical Store (V11A),Store code: Y1-14
"1,1,1,3,3,3-Hexamethyldisilazane (HMDS)",C6H19NSi2,999-97-3,25 mL,Chemical Store (V11A),Store code: Y1-08
2-(Methylamino)ethanol,C3H9NO,109-83-1,2 L,Chemical Store (V11A),Store code: O2-11
2-Amino-1-butanol,C4H11NO,96-20-8,500 mL,Chemical Store (V11A),Store code: O2-13
4-Nitrophenol,C6H5NO3,100-02-7,25 g,Biological Lab,Store code: Y2-28
8-Hydroxyquinoline,C9H7NO,148-24-3,25 g,Chemical Store (V11A),Store code: Y2-23
Acetic Acid,CH3COOH,64-19-7,,Chemical Store (V11A),Store code: O1-11
Acetone,C3H6O,67-64-1,2.5 L,Chemical Store (V11A),Store code: Y1-13
Acrylic Acid,C3H4O2,79-10-7,,Chemical Store (V11A),Store code: Y1-15
Aluminium Chloride Hexahydrate,AlCl3⋅6H2O,7784-13-6,500 g,Chemical Store (V11A),Store code: O1-01
Aluminium Nitrate Nonahydrate,Al(NO3)3⋅9H2O,7784-27-2,500 g,Chemical Store (V11A),Store code: O3-01
Aluminium Oxide,AlO,1344-28-1,1 kg,Chemical Store (V11A),Store code: O4-01
Amaranth (Acid Red 27),C20H11N2Na3O10S3,915-67-3,100 g,Chemical Store (V11A),Store code: O5-27
Ammonium Chloride,NH4Cl,12125-02-9,100 g,Chemical Store (V11A),Store code: O4-02
Ammonium Fluoride,NH4F,12125-01-0,500 g,Chemical Store (V11A),Store code: O2-01
Ammonium Hydrogen Carbonate,NH4HCO3,1066-33-7,,Chemical Store (V11A),Store code: O4-03
Ammonium Metatungstate Hydrate,(NH4)6H2W12O40⋅xH2O,12333-11-8,100 g,Chemical Store (V11A),Store code: O5-28
Ammonium Sulfate,(NH4)2SO4,7783-20-2,500 g,Chemical Store (V11A),Store code: O5-24
Barium Nitrite,Ba(NO2)2,13465-94-6,,Chemical Store (V11A),Store code: O3-02
Barium Oxide,BaO,1304-28-5,,Chemical Store (V11A),Store code: O2-02
Bismuth(III) Nitrate Pentahydrate,Bi(NO3)3⋅5H2O,10035-06-0,100 g,Chemical Store (V11A),Store code: O3-16
Borane Ammonia Complex,BH3NH3,13774-81-7,,Chemical Store (V11A),Store code: Y1-01
Boric Acid,H3BO3,10043-35-3,x1 | 2 kg,V11A | Cryolab,Store code: Y2-01
Brilliant Blue R,C45H44N3NaO7S2,6104-59-2,,Chemical Store (V11A),Store code: O4-04
Cadmium Chloride / Hydrate,CdCl2⋅xH2O,10108-64-2,x1 | 500 g,V11A | Bio Lab,Store code: Y2-02
Cadmium Fluoride,CdF2,7790-79-6,,Chemical Store (V11A),Store code: Y2-03
Cadmium Nitrate Tetrahydrate,Cd(NO3)2⋅4H2O,10022-68-1,,Chemical Store (V11A),Store code: Y2-04
Calcium Carbonate,CaCO3,471-34-1,,Chemical Store (V11A),Store code: O4-05
Calcium Iodide Tetrahydrate,CaI2⋅4H2O,10102-68-8,,Chemical Store (V11A),Store code: O4-06
Calcium Nitrate Tetrahydrate,Ca(NO3)2⋅4H2O,13477-34-4,25 mL,Chemical Store (V11A),Store code: O3-17
Carbon Disulfide,CS2,75-15-0,1 L,Chemical Store (V11A),Store code: Y1-17
Carboxymethyl Cellulose Sodium,Polymer,9004-32-4,,Chemical Store (V11A),Store code: O4-07
Cerium(III) Nitrate Hexahydrate,Ce(NO3)3⋅6H2O,10294-41-4,100 g,Cryolab,Store code: O3-23
Chitin,(C8H13O5N)n,1398-61-4,,Chemical Store (V11A),Store code: O5-22
Chromium(II) Chloride,CrCl2,10049-05-5,25 g,Chemical Store (V11A),Store code: O1-07
Chromium(III) Chloride Hexahydrate,CrCl3⋅6H2O,10060-12-5,,Chemical Store (V11A),Store code: O1-02
Chromium(III) Potassium Sulfate Dodecahydrate,CrK(SO4)2⋅12H2O,7788-99-0,,Chemical Store (V11A),Store code: Y2-08
Cobalt(II) Chloride Hexahydrate,CoCl2⋅6H2O,7791-13-1,50 g,Cryolab,Store code: Y2-30
Cobalt(II) Nitrate,Co(NO3)2⋅6H2O,10026-22-9,,Chemical Store (V11A),Store code: O3-03
Cobalt(II) Sulfate Heptahydrate,CoSO4⋅7H2O,10026-24-1,x2,Chemical Store (V11A),Store code: Y2-05
Congo Red,C32H22N6Na2O6S2,573-58-0,,Chemical Store (V11A),Store code: Y2-06
Copper Phthalocyanine,Pigment Blue 15,147-14-8,,Chemical Store (V11A),Store code: O4-09
Copper(II) Chloride Dihydrate,CuCl2⋅2H2O,10125-13-0,500 g,Biological Lab,Store code: Y2-26
Copper(II) Nitrate Trihydrate,Cu(NO3)2⋅3H2O,10031-43-3,x1 | 1 kg,V11A | Bio Lab,Store code: O3-04
Copper(II) Oxide,CuO,1317-38-0,,Chemical Store (V11A),Store code: O4-08
Copper(II) Perchlorate Hexahydrate,Cu(ClO4)2⋅6H2O,10294-46-9,,Chemical Store (V11A),Store code: O3-05
Copper(II) Sulfate,CuSO4,231-967-6,,Chemical Store (V11A),Store code: O4-10
Cupferron,C6H9N3O2,135-20-6,,Chemical Store (V11A),Store code: Y2-07
Dicyandiamide,C2H4N4,461-58-5,50 g,Chemical Store (V11A),Store code: O5-25
Dimethyl Sulfoxide (DMSO),C2H6OS,67-68-5,50 mL,Chemical Store (V11A),Store code: O5-36
DL-Phenylalanine,C9H11NO2,150-30-1,100 g,Chemical Store (V11A),Store code: O5-02
Dodecacarbonly Triiron,Fe3(CO)12,17685-52-8,10 g,Chemical Store (V11A),Store code: Y1-02
Dopamine Hydrochloride,C8H11NO2⋅HCl,62-31-7,,Chemical Store (V11A),Store code: Y2-09
Ethanolamine,C2H7NO,141-43-5,500 mL,Chemical Store (V11A),Store code: O2-12
Ethylene Glycol,C2H6O2,107-21-1,2 L,Chemical Store (V11A),Store code: O5-35
Ferric Chloride,FeCl3⋅6H2O,10025-77-1,,Chemical Store (V11A),Store code: O1-03
Ferric Chloride (Anhydrous),FeCl3,7705-08-0,500 g | 500 g,V11A | Biol Lab,Store code: O1-15
Ferric Nitrate Nonahydrate,Fe(NO3)3⋅9H2O,7782-61-8,500 g,Biological Lab,Store code: O3-21
Ferrocene,Fe(C5H5)2,102-54-5,,Chemical Store (V11A),Store code: O4-12
Gadolinium Acetate Trihydrate,Gd(CH3COO)3⋅3H2O,100587-93-7,25 g,Chemical Store (V11A),Store code: O5-26
Glycerol,C3H8O3,56-81-5,,Chemical Store (V11A),Store code: O5-40
Gold Pellet,Au,7440-57-5,,Chemical Store (V11A),Store code: O5-34
Gold(III) Chloride Trihydrate,AuCl3⋅3H2O,16961-25-4,250 mg,Chemical Store (V11A),Store code: O1-08
Graphite Flakes,C,7782-42-5,25 g × 3,Chemical Store (V11A),Store code: O5-42
"H,1H,2H,2H-Perfluorooctyltriethoxysilane",C14H19F13O3Si,51851-37-7,250 mL,Chemical Store (V11A),Store code: Y1-11
Hexadecyltrimethylammonium Bromide (CTAB),C19H42BrN,57-09-0,100 g,Chemical Store (V11A),Store code: Y2-16
Hexamethylenetetramine,C6H12N4,100-97-0,200 g,Chemical Store (V11A),Store code: Y1-03
Hydrazine Hydrate,N2H4⋅H2O,7803-57-8,1 L,Chemical Store (V11A),Store code: Y2-20
Hydrogen Peroxide,H2O2,7722-84-1,500 mL,Chemical Store (V11A),Store code: O3-19
Iodine,I2,7553-56-2,100 g,Chemical Store (V11A),Store code: O1-04
Iron(II) Sulfate Heptahydrate,FeSO4⋅7H2O,7782-63-0,500 g,Cryolab,Store code: Y2-29
Iron(II) Sulfide,FeS,1317-37-9,250 g,Chemical Store (V11A),Store code: Y2-19
Lead Acetate Trihydrate,Pb(CH3COO)2⋅3H2O,6080-56-4,500 g,Biological Lab,Store code: Y2-25
Lead(II) Chloride,PbCl2,7758-95-4,500 g,Chemical Store (V11A),Store code: Y2-17
Lead(II) Iodide,PbI2,10101-63-0,50 g,Chemical Store (V11A),Store code: Y2-18
Lithium Chloride,LiCl,7447-41-8,25 g,Chemical Store (V11A),Store code: O5-46
Lysine,C6H14N2O2,56-87-1,150 g,Chemical Store (V11A),Store code: O4-13
Magnesium Carbonate,Mg(CO3),546-93-0,500 g,Chemical Store (V11A),Store code: O4-14
Magnesium Chloride (Anhydrous),MgCl2,7786-30-3,500 g × 2 | 500 g,V11A | Bio Lab,Store code: O5-45
Magnesium Oxide,MgO,1309-48-4,,Chemical Store (V11A),Store code: O4-15
Magnesium Sulphate,MgSO4,7487-88-9,500 g,Chemical Store (V11A),Store code: O4-16
Manganese(II) Acetate Tetrahydrate,Mn(CH3COO)2⋅4H2O,6156-78-1,100 g,Biological Lab,Store code: O5-51
Manganese(II) Chloride Tetrahydrate,MnCl2⋅4H2O,13446-34-9,400 g,Biological Lab,Store code: Y2-24
Mercury Acetate,Hg(CH3COO)2,1600-27-7,,Chemical Store (V11A),Store code: Y2-10
Mesitylenesulfonyl Chloride,C9H11ClO2S,773-64-8,,Chemical Store (V11A),Store code: O2-03
Methanol,CH3OH,67-56-1,2.5 L,Chemical Store (V11A),Store code: Y1-12
Methyl Orange,C14H14N3NaO3S,547-58-0,200 g,Chemical Store (V11A),Store code: O4-17
Methylamine Solution,CH5N,74-89-5,25 mL,Chemical Store (V11A),Store code: Y1-09
Methylene Blue Hydrate,C16H18ClN3S⋅xH2O,122965-43-9,100 g | 100 g,V11A | Bio Lab,Store code: O4-18
Methylene Blue Solution,C16H18ClN3S,61-73-4,250 mL,Chemical Store (V11A),Store code: O5-37
"N,N-Dimethylformamide (DMF)",C3H7NO,68-12-2,1 L,Chemical Store (V11A),Store code: Y1-16
Nafion® Solution,Polymer,31175-20-9,25 mL,Chemical Store (V11A),Store code: Y1-06
Nickel(II) Oxide,NiO,1313-99-1,100 g,Chemical Store (V11A),Store code: Y2-11
Nickel(II) Sulphate,NiSO4⋅7H2O,10101-98-1,,Chemical Store (V11A),Store code: Y2-12
Octadecane,CH3(CH2)16CH3,593-45-3,100 g,Chemical Store (V11A),Store code: O4-19
Oleic Acid,C18H34O2,112-80-1,25 mL,Chemical Store (V11A),Store code: O1-14
Oxalic Acid Dihydrate,C2H2O4⋅2H2O,6153-56-6,500 g,Chemical Store (V11A),Store code: O1-05
Phosphoric Acid / Orthophosphoric Acid (85%),H3PO4,7664-38-2,2.5 L,Chemical Store (V11A),Store code: O1-13
Piperazine Anhydrous,C4H10N2,110-85-0,,Chemical Store (V11A),Store code: O2-04
"Poly(dimethylsiloxane), vinyl terminated",(C2H6OSi)n,68083-19-2,100 mL,Chemical Store (V11A),Store code: O5-38
Poly(ethylene glycol),PEG,25322-68-3,,Chemical Store (V11A),Store code: O4-20
Poly(ethyleneimine) Solution,(C2H5N)n,9002-98-6,,Chemical Store (V11A),Store code: O2-14
Poly(vinyl alcohol) (PVA),(C2H4O)n,9002-89-5,300 g,Biological Lab,Store code: O5-55
Poly(vinylidene fluoride) (PVDF),(C2H2F2)n,24937-79-9,100 g | 500 g,V11A | Bio Lab,Store code: O5-31
Polyacrylic Acid,(C3H4O2)n,9003-01-4,500 mL,Chemical Store (V11A),Store code: O1-09
Polyethylene Glycol (PEG),H(OCH2CH2)nOH,25322-68-3,500 mL,Chemical Store (V11A),Store code: O5-39
Polyethylene Oxide,(C2H4O)n,25322-68-3,,Chemical Store (V11A),Store code: O4-21
Polystyrene,(C8H8)n,9003-53-6,,Chemical Store (V11A),Store code: O4-22
Polyvinylpyrrolidone (PVP),(C6H9NO)n,9003-39-8,25 g | 500 g,V11A | Bio Lab,Store code: O5-21
Potassium Acetate,CH3COOK,127-08-2,,Chemical Store (V11A),Store code: O4-23
Potassium Bromide,KBr,7758-02-3,,Chemical Store (V11A),Store code: O4-24
Potassium Carbonate,K2CO3,584-08-7,500 g,Biological Lab,Store code: O5-48
Potassium Dichromate,K2Cr2O7,7778-50-9,x1 | 20 g,V11A | Bio Lab,Store code: O3-06
Potassium Ferricyanide,K3Fe(CN)6,13746-66-2,100 g,Biological Lab,Store code: O5-52
Potassium Hexacyanoferrate(II) Trihydrate,K4Fe(CN)6⋅3H2O,14459-95-1,100 g | 500 g,V11A | Bio Lab,Store code: O5-23
Potassium Hydroxide Pellets,KOH,1310-58-3,x1 | 300 g,V11A | Bio Lab,Store code: O2-05
Potassium Iodide,KI,7681-11-0,,Chemical Store (V11A),Store code: O4-25
Potassium Nitrate,KNO3,7757-79-1,500 g | 500 g,V11A | Bio Lab,Store code: O3-15
Potassium Nitrite,KNO2,7758-09-0,,Chemical Store (V11A),Store code: O3-07
Potassium Permanganate,KMnO4,7722-64-7,500 g,Biological Lab,Store code: O3-22
Potassium Peroxide,K2O2,17014-71-0,,Chemical Store (V11A),Store code: O3-08
Potassium Persulfate,K2S2O8,7727-21-1,,Chemical Store (V11A),Store code: O3-09
Potassium Phosphate,K3PO4,7778-53-2,,Chemical Store (V11A),Store code: O5-01
Potassium Phosphate Dibasic Trihydrate,K2HPO4⋅3H2O,16788-57-1,100 g,Cryolab,Store code: O5-58
Potassium Phosphate Monobasic,KH2PO4,7778-77-0,500 g,Biological Lab,Store code: O5-53
Rose Bengal Agar,Mixture,632-69-9,500 g,Chemical Store (V11A),Store code: O5-33
Ruthenium Powder,Ru,7440-18-8,10 g,Chemical Store (V11A),Store code: O5-03
Ruthenium(III) Nitrosyl Nitrate Solution,Mixture,34513-98-9,50 mL,Chemical Store (V11A),Store code: O3-18
Self-Indicating Silica Gel,SiO2,112926-00-8,,Chemical Store (V11A),Store code: O5-04
Silver dispersion / Silver nanoparticles,Ag,7440-22-4,,Chemical Store (V11A),Store code: O5-41
Silver Iodide,AgI,7783-96-2,,Chemical Store (V11A),Store code: O5-43
Silver Nitrate,AgNO3,7761-88-8,25 g,Chemical Store (V11A),Store code: O3-10
Silver Powder,Ag,7440-22-4,20 g,Chemical Store (V11A),Store code: O5-30
Sodium Acetate Trihydrate,CH3COONa⋅3H2O,6131-90-4,,Chemical Store (V11A),Store code: O5-05
Sodium Bicarbonate,NaHCO3,144-55-8,500 g,Cryolab,Store code: O5-57
Sodium Cacodylate,C2H6AsNaO2⋅3H2O,6131-99-3,,Chemical Store (V11A),Store code: Y2-13
Sodium Carbonate (Anhydrous),Na2CO3,497-19-8,500 g,Cryolab,Store code: O5-59
Sodium Chloride,NaCl,7647-14-5,,Chemical Store (V11A),Store code: O5-06
Sodium Citrate Monobasic,NaH2C6H5O7,18996-35-5,,Chemical Store (V11A),Store code: O5-07
Sodium Dodecyl Sulfate (SDS),C12H25NaO4S,151-21-3,x2,Chemical Store (V11A),Store code: O2-08
Sodium Fluoride,NaF,7681-49-4,500 g,Biological Lab,Store code: Y2-27
Sodium Hydroxide Pellets,NaOH,1310-73-2,x1 | 500 g,V11A | Biol Lab,Store code: O2-06
Sodium Hypophosphite Monohydrate,NaH2PO2⋅H2O,10039-56-2,,Chemical Store (V11A),Store code: O5-08
Sodium Iodide,NaI,7681-82-5,,Chemical Store (V11A),Store code: O5-09
Sodium Lauryl Sulphate,C12H25NaO4S,151-21-3,,Chemical Store (V11A),Store code: O2-09
Sodium Molybdate Dihydrate,Na2MoO4⋅2H2O,10102-40-6,100 g,Chemical Store (V11A),Store code: O5-10
Sodium Nano powder,Na,7440-23-5,,Chemical Store (V11A),Store code: Y1-04
Sodium Nitrate,NaNO3,7631-99-4,500 g | 2000 g,V11A | Biol Lab,Store code: O3-11
Sodium Persulfate,Na2S2O8,7775-27-1,,Chemical Store (V11A),Store code: O3-12
Sodium Phosphate Dibasic (Anhydrous),Na2HPO4,7558-79-4,500 g,Biological Lab,Store code: O5-54
Sodium Phosphate Monobasic,NaH2PO4,7558-80-7,500 g,Biological Lab,Store code: O5-49
"Sodium Selenite, Anhydrous",Na2SeO3,10102-18-8,100 g,Chemical Store (V11A),Store code: Y2-21
Sodium Sulfate (Anhydrous),Na2SO4,7757-82-6,x2,Chemical Store (V11A),Store code: O5-11
Sodium Tetraborate Decahydrate,Na2B4O7⋅10H2O,1303-96-4,,Chemical Store (V11A),Store code: O5-12
Sodium Tripolyphosphate,Na5P3O10,7758-29-4,,Chemical Store (V11A),Store code: O5-13
Stannous Chloride Dihydrate,SnCl2⋅2H2O,10025-69-1,,Chemical Store (V11A),Store code: O2-10
Strontium Nitrate,Sr(NO3)2,10042-76-9,,Chemical Store (V11A),Store code: O3-13
Styrene,C8H8,100-42-5,,Chemical Store (V11A),Store code: Y1-10
Tetrabutylammonium Perchlorate,C16H36ClNO4,1923-70-2,100 g,Chemical Store (V11A),Store code: O3-14
Thallium(I) Sulfate,Tl2SO4,7446-18-6,25 g,Chemical Store (V11A),Store code: Y2-14
Thiourea,CH4N2S,62-56-6,250 g | 500 g,V11A | Bio-Lab,Store code: Y2-15
Tin(II) Methanesulfonate Solution,Sn(CH3SO3)2,53408-94-9,,Chemical Store (V11A),Store code: O1-12
Tin(II) Oxide,SnO,21651-19-4,,Chemical Store (V11A),Store code: O5-44
Tin(IV) Chloride,SnCl4,7646-78-8,5 g,Chemical Store (V11A),Store code: O1-06
Tin(IV) Oxide,SnO2,18282-10-5,,Chemical Store (V11A),Store code: O5-14
Titanium (IV) Oxide,TiO2,1317-70-0,,Chemical Store (V11A),Store code: O5-15
Titanium Nitride,TiN,25583-20-4,25 g,Chemical Store (V11A),Store code: O5-16
Titanium(III) Chloride Solution,TiCl3,7705-07-9,25 mL,Chemical Store (V11A),Store code: O1-10
tri-Calcium Phosphate,Ca3(PO4)2,7758-87-4,,Chemical Store (V11A),Store code: O4-11
Tri-n-octylphosphine (TOP),(C8H17)3P,4731-53-7,25 mL,Chemical Store (V11A),Store code: Y1-07
Tris(hydroxymethyl)aminomethane,C4H11NO3,77-86-1,100 g,Chemical Store (V11A),Store code: O5-17
Tungsten(IV) Sulfide,WS2,12138-09-9,50 g,Chemical Store (V11A),Store code: O5-32
Tungstic Acid,H2WO4,7783-03-1,500 g,Biological Lab,Store code: O5-56
Urea,CH4N2O,57-13-6,x1 | 1 kg,V11A) | Bio-Lab,Store code: O5-18
Vanadium(V) Oxide,V2O5,1314-62-1,50 g,Chemical Store (V11A),Store code: Y2-22
Zinc Acetate Dihydrate,Zn(CH3COO)2⋅2H2O,5970-45-6,500 g,Biological Lab,Store code: O5-50
Zinc Chloride,ZnCl2,7646-85-7,500 g,Biological Lab,Store code: O1-16
Zinc Fluoride,ZnF2,7783-49-5,100 g,Chemical Store (V11A),Store code: O2-07
Zinc Iodide,ZnI2,10139-47-6,,Chemical Store (V11A),Store code: O5-19
Zinc Nitrate Hydrate / Hexahydrate,Zn(NO3)2⋅xH2O,13778-30-8 / 10196-18-6,20 g | 300,V11A | Bio-Lab,Store code: O3-20
Zinc Nitride,Zn3N2,1313-49-1,10 g,Chemical Store (V11A),Store code: Y1-05
Zinc Phthalocyanine,C32H16N8Zn,14320-04-8,,Chemical Store (V11A),Store code: O5-20
Zinc Telluride,ZnTe,1315-11-3,25 g,Chemical Store (V11A),Store code: O5-29
